{
    "rmse": 0.6790966906202429,
    "mae": 0.5756558994790755,
    "r2": 0.21305900972158098
}